{"parent":"minecraft:item/generated","textures":{"layer0":"minecraft:item/leather_horse_armor"},"overrides":[{"predicate":{"custom_model_data":1},"model":"modelengine:kindletronjr/torso"},{"predicate":{"custom_model_data":2},"model":"modelengine:kindletronjr/head"},{"predicate":{"custom_model_data":3},"model":"modelengine:kindletronjr/rightarm"},{"predicate":{"custom_model_data":4},"model":"modelengine:kindletronjr/leftarm"},{"predicate":{"custom_model_data":5},"model":"modelengine:kindletronjr/leftleg"},{"predicate":{"custom_model_data":6},"model":"modelengine:kindletronjr/rightleg"},{"predicate":{"custom_model_data":7},"model":"modelengine:kindletronsr/kindletronsr"},{"predicate":{"custom_model_data":8},"model":"modelengine:kindletronsr/head"},{"predicate":{"custom_model_data":9},"model":"modelengine:kindletronsr/rightarm"},{"predicate":{"custom_model_data":10},"model":"modelengine:kindletronsr/righthand"},{"predicate":{"custom_model_data":11},"model":"modelengine:kindletronsr/leftarm"},{"predicate":{"custom_model_data":12},"model":"modelengine:kindletronsr/lefthand"},{"predicate":{"custom_model_data":13},"model":"modelengine:kindletronsr/rightleg"},{"predicate":{"custom_model_data":14},"model":"modelengine:kindletronsr/rightfoot"},{"predicate":{"custom_model_data":15},"model":"modelengine:kindletronsr/leftleg"},{"predicate":{"custom_model_data":16},"model":"modelengine:kindletronsr/leftfoot"},{"predicate":{"custom_model_data":17},"model":"modelengine:nocsy_otter_v2/body"},{"predicate":{"custom_model_data":18},"model":"modelengine:nocsy_otter_v2/tail"},{"predicate":{"custom_model_data":19},"model":"modelengine:nocsy_otter_v2/head"},{"predicate":{"custom_model_data":20},"model":"modelengine:nocsy_otter_v2/front_leg_left"},{"predicate":{"custom_model_data":21},"model":"modelengine:nocsy_otter_v2/front_leg_right"},{"predicate":{"custom_model_data":22},"model":"modelengine:nocsy_otter_v2/back_leg_left"},{"predicate":{"custom_model_data":23},"model":"modelengine:nocsy_otter_v2/back_leg_right"}]}