{"textures":{"0":"modelengine:entity/kindletronjr"},"elements":[{"from":[6.9714284,8.0,6.857143],"to":[8.971429,10.114286,9.142858],"rotation":{"angle":0.0,"axis":"y","origin":[8.0,8.0,8.0]},"faces":{"east":{"uv":[13.0,2.0,16.0,12.0],"rotation":0,"texture":"#0","tintindex":0},"south":{"uv":[13.0,2.0,16.0,12.0],"rotation":0,"texture":"#0","tintindex":0},"north":{"uv":[4.0,2.0,12.0,12.0],"rotation":0,"texture":"#0","tintindex":0},"west":{"uv":[13.0,2.0,16.0,12.0],"rotation":0,"texture":"#0","tintindex":0},"up":{"uv":[13.0,2.0,16.0,8.0],"rotation":0,"texture":"#0","tintindex":0},"down":{"uv":[12.0,6.0,4.0,11.0],"rotation":0,"texture":"#0","tintindex":0}}},{"from":[8.085714,9.2,6.742857],"to":[8.657143,9.485714,7.3142858],"rotation":{"angle":0.0,"axis":"y","origin":[8.085714,9.2,6.742857]},"faces":{"east":{"uv":[0.0,0.0,1.0,0.5],"rotation":0,"texture":"#0","tintindex":0},"south":{"uv":[0.0,0.0,1.0,0.5],"rotation":0,"texture":"#0","tintindex":0},"north":{"uv":[6.0,11.0,10.0,13.5],"rotation":0,"texture":"#0","tintindex":0},"west":{"uv":[0.0,0.0,1.0,0.5],"rotation":0,"texture":"#0","tintindex":0},"up":{"uv":[0.0,0.0,1.0,1.0],"rotation":0,"texture":"#0","tintindex":0},"down":{"uv":[0.0,0.0,1.0,1.0],"rotation":0,"texture":"#0","tintindex":0}}},{"from":[7.285714,9.2,6.742857],"to":[7.857143,9.485714,7.3142858],"rotation":{"angle":0.0,"axis":"y","origin":[7.285714,9.2,6.742857]},"faces":{"east":{"uv":[0.0,0.0,1.0,0.5],"rotation":0,"texture":"#0","tintindex":0},"south":{"uv":[0.0,0.0,1.0,0.5],"rotation":0,"texture":"#0","tintindex":0},"north":{"uv":[6.0,11.0,10.0,13.5],"rotation":0,"texture":"#0","tintindex":0},"west":{"uv":[0.0,0.0,1.0,0.5],"rotation":0,"texture":"#0","tintindex":0},"up":{"uv":[0.0,0.0,1.0,1.0],"rotation":0,"texture":"#0","tintindex":0},"down":{"uv":[0.0,0.0,1.0,1.0],"rotation":0,"texture":"#0","tintindex":0}}}],"display":{"head":{"translation":[0.0,-6.4,0.0],"scale":[4.0,4.0,4.0]}}}