{"textures":{"0":"modelengine:entity/kindletronjr"},"elements":[{"from":[6.742857,5.028571,7.428571],"to":[7.7714286,7.3142858,8.571428],"rotation":{"angle":0.0,"axis":"y","origin":[7.2,6.742857,7.428571]},"faces":{"east":{"uv":[13.0,1.0,16.0,15.0],"rotation":0,"texture":"#0","tintindex":0},"south":{"uv":[13.0,1.0,16.0,15.0],"rotation":0,"texture":"#0","tintindex":0},"north":{"uv":[1.0,2.0,7.0,16.0],"rotation":0,"texture":"#0","tintindex":0},"west":{"uv":[9.0,2.0,15.0,16.0],"rotation":0,"texture":"#0","tintindex":0},"up":{"uv":[3.0,2.0,2.0,0.0],"rotation":0,"texture":"#0","tintindex":0},"down":{"uv":[4.0,0.0,3.0,2.0],"rotation":0,"texture":"#0","tintindex":0}}},{"from":[6.9714284,6.342857,7.6],"to":[8.228572,8.685715,8.4],"rotation":{"angle":0.0,"axis":"y","origin":[7.2,7.542857,7.428571]},"faces":{"east":{"uv":[0.0,1.0,1.0,5.0],"rotation":0,"texture":"#0","tintindex":0},"south":{"uv":[13.0,1.0,16.0,15.0],"rotation":0,"texture":"#0","tintindex":0},"north":{"uv":[9.0,2.0,15.0,16.0],"rotation":0,"texture":"#0","tintindex":0},"west":{"uv":[13.0,1.0,16.0,15.0],"rotation":0,"texture":"#0","tintindex":0},"up":{"uv":[13.0,9.0,16.0,15.0],"rotation":0,"texture":"#0","tintindex":0},"down":{"uv":[5.0,0.0,3.0,1.0],"rotation":0,"texture":"#0","tintindex":0}}},{"from":[6.6285715,4.1714287,7.3142858],"to":[7.885714,5.3142858,8.685715],"rotation":{"angle":0.0,"axis":"y","origin":[7.3142858,6.4,7.428571]},"faces":{"east":{"uv":[9.0,0.0,15.0,6.0],"rotation":0,"texture":"#0","tintindex":0},"south":{"uv":[9.0,0.0,15.0,6.0],"rotation":0,"texture":"#0","tintindex":0},"north":{"uv":[9.0,0.0,15.0,6.0],"rotation":0,"texture":"#0","tintindex":0},"west":{"uv":[9.0,0.0,15.0,6.0],"rotation":0,"texture":"#0","tintindex":0},"up":{"uv":[9.0,0.0,15.0,6.0],"rotation":0,"texture":"#0","tintindex":0},"down":{"uv":[9.0,0.0,15.0,6.0],"rotation":0,"texture":"#0","tintindex":0}}}],"display":{"head":{"translation":[0.0,-6.4,0.0],"scale":[4.0,4.0,4.0]}}}