{"textures":{"0":"modelengine:entity/kindletronjr"},"elements":[{"from":[7.4651427,5.2634287,7.2925715],"to":[8.598857,5.8874283,8.771429],"rotation":{"angle":0.0,"axis":"y","origin":[7.885714,5.3525715,8.228572]},"faces":{"east":{"uv":[0.0,0.0,4.6,1.4],"rotation":0,"texture":"#0","tintindex":0},"south":{"uv":[0.0,0.0,2.8,1.4],"rotation":0,"texture":"#0","tintindex":0},"north":{"uv":[0.0,0.0,2.8,1.4],"rotation":0,"texture":"#0","tintindex":0},"west":{"uv":[0.0,0.0,4.6,1.4],"rotation":0,"texture":"#0","tintindex":0},"up":{"uv":[0.0,0.0,2.8,4.6],"rotation":0,"texture":"#0","tintindex":0},"down":{"uv":[0.0,0.0,2.8,4.6],"rotation":0,"texture":"#0","tintindex":0}}},{"from":[7.376,5.776,7.2034283],"to":[8.688,6.4,8.860572],"rotation":{"angle":0.0,"axis":"y","origin":[7.885714,5.865143,8.228572]},"faces":{"east":{"uv":[0.0,0.0,5.0,1.4],"rotation":0,"texture":"#0","tintindex":0},"south":{"uv":[0.0,0.0,3.2,1.4],"rotation":0,"texture":"#0","tintindex":0},"north":{"uv":[0.0,0.0,3.2,1.4],"rotation":0,"texture":"#0","tintindex":0},"west":{"uv":[0.0,0.0,5.0,1.4],"rotation":0,"texture":"#0","tintindex":0},"up":{"uv":[0.0,0.0,3.2,5.0],"rotation":0,"texture":"#0","tintindex":0},"down":{"uv":[0.0,0.0,3.2,5.0],"rotation":0,"texture":"#0","tintindex":0}}},{"from":[7.376,6.8902855,7.2034283],"to":[8.688,7.5142856,8.860572],"rotation":{"angle":0.0,"axis":"y","origin":[7.885714,6.9794283,8.228572]},"faces":{"east":{"uv":[0.0,0.0,5.0,1.4],"rotation":0,"texture":"#0","tintindex":0},"south":{"uv":[0.0,0.0,3.2,1.4],"rotation":0,"texture":"#0","tintindex":0},"north":{"uv":[0.0,0.0,3.2,1.4],"rotation":0,"texture":"#0","tintindex":0},"west":{"uv":[0.0,0.0,5.0,1.4],"rotation":0,"texture":"#0","tintindex":0},"up":{"uv":[0.0,0.0,3.2,5.0],"rotation":0,"texture":"#0","tintindex":0},"down":{"uv":[0.0,0.0,3.2,5.0],"rotation":0,"texture":"#0","tintindex":0}}},{"from":[7.4651427,7.3805714,7.2925715],"to":[8.598857,8.004571,8.771429],"rotation":{"angle":0.0,"axis":"y","origin":[7.885714,7.469714,8.228572]},"faces":{"east":{"uv":[0.0,0.0,4.6,1.4],"rotation":0,"texture":"#0","tintindex":0},"south":{"uv":[0.0,0.0,2.8,1.4],"rotation":0,"texture":"#0","tintindex":0},"north":{"uv":[0.0,0.0,2.8,1.4],"rotation":0,"texture":"#0","tintindex":0},"west":{"uv":[0.0,0.0,4.6,1.4],"rotation":0,"texture":"#0","tintindex":0},"up":{"uv":[0.0,0.0,2.8,4.6],"rotation":0,"texture":"#0","tintindex":0},"down":{"uv":[0.0,0.0,2.8,4.6],"rotation":0,"texture":"#0","tintindex":0}}},{"from":[7.376,7.8045716,7.2034283],"to":[8.688,8.428572,8.860572],"rotation":{"angle":0.0,"axis":"y","origin":[7.885714,7.8937144,8.228572]},"faces":{"east":{"uv":[0.0,0.0,5.0,1.4],"rotation":0,"texture":"#0","tintindex":0},"south":{"uv":[0.0,0.0,3.2,1.4],"rotation":0,"texture":"#0","tintindex":0},"north":{"uv":[0.0,0.0,3.2,1.4],"rotation":0,"texture":"#0","tintindex":0},"west":{"uv":[0.0,0.0,5.0,1.4],"rotation":0,"texture":"#0","tintindex":0},"up":{"uv":[0.0,0.0,3.2,5.0],"rotation":0,"texture":"#0","tintindex":0},"down":{"uv":[0.0,0.0,3.2,5.0],"rotation":0,"texture":"#0","tintindex":0}}},{"from":[7.286857,4.710857,7.1142855],"to":[8.777143,5.334857,8.949715],"rotation":{"angle":0.0,"axis":"y","origin":[7.885714,4.8,8.228572]},"faces":{"east":{"uv":[0.0,8.0,6.6,11.0],"rotation":0,"texture":"#0","tintindex":0},"south":{"uv":[0.0,0.0,3.6,1.4],"rotation":0,"texture":"#0","tintindex":0},"north":{"uv":[5.0,8.0,11.6,11.0],"rotation":0,"texture":"#0","tintindex":0},"west":{"uv":[0.0,0.0,5.4,1.4],"rotation":0,"texture":"#0","tintindex":0},"up":{"uv":[0.0,0.0,3.6,5.4],"rotation":0,"texture":"#0","tintindex":0},"down":{"uv":[0.0,0.0,3.6,5.4],"rotation":0,"texture":"#0","tintindex":0}}},{"from":[7.286857,6.310857,7.1142855],"to":[8.777143,6.9348574,8.949715],"rotation":{"angle":0.0,"axis":"y","origin":[7.885714,6.4,8.228572]},"faces":{"east":{"uv":[6.0,9.0,9.6,10.4],"rotation":0,"texture":"#0","tintindex":0},"south":{"uv":[6.0,9.0,9.6,10.4],"rotation":0,"texture":"#0","tintindex":0},"north":{"uv":[6.0,9.0,9.6,10.4],"rotation":0,"texture":"#0","tintindex":0},"west":{"uv":[6.0,9.0,9.6,10.4],"rotation":0,"texture":"#0","tintindex":0},"up":{"uv":[0.0,0.0,3.6,5.4],"rotation":0,"texture":"#0","tintindex":0},"down":{"uv":[0.0,0.0,3.6,5.4],"rotation":0,"texture":"#0","tintindex":0}}}],"display":{"head":{"translation":[0.0,-6.4,0.0],"scale":[4.0,4.0,4.0]}}}