{"textures":{"0":"modelengine:entity/kindletronsr4"},"elements":[{"from":[7.665265,4.0,3.4285712],"to":[14.522408,14.857143,11.428572],"rotation":{"angle":0.0,"axis":"y","origin":[11.093837,9.428572,7.428571]},"faces":{"east":{"uv":[0.0,3.875,1.75,6.25],"rotation":0,"texture":"#0","tintindex":0},"south":{"uv":[5.0,5.125,6.5,7.5],"rotation":0,"texture":"#0","tintindex":0},"north":{"uv":[3.5,5.125,5.0,7.5],"rotation":0,"texture":"#0","tintindex":0},"west":{"uv":[1.75,3.875,3.5,6.25],"rotation":0,"texture":"#0","tintindex":0},"up":{"uv":[3.0,8.0,1.5,6.25],"rotation":0,"texture":"#0","tintindex":0},"down":{"uv":[7.875,3.0,6.375,4.75],"rotation":0,"texture":"#0","tintindex":0}}},{"from":[9.379551,-0.57142925,6.9061637],"to":[11.665265,1.7142854,9.191878],"rotation":{"angle":45.0,"axis":"x","origin":[10.522408,0.5714283,8.049021]},"faces":{"east":{"uv":[3.625,12.375,4.125,12.875],"rotation":0,"texture":"#0","tintindex":0},"south":{"uv":[12.375,3.875,12.875,4.375],"rotation":0,"texture":"#0","tintindex":0},"north":{"uv":[11.625,7.125,12.125,7.625],"rotation":0,"texture":"#0","tintindex":0},"west":{"uv":[12.375,4.375,12.875,4.875],"rotation":0,"texture":"#0","tintindex":0},"up":{"uv":[12.875,7.0,12.375,6.5],"rotation":0,"texture":"#0","tintindex":0},"down":{"uv":[8.125,12.375,7.625,12.875],"rotation":0,"texture":"#0","tintindex":0}}},{"from":[8.808122,1.1428566,6.285714],"to":[12.236694,4.0,9.714286],"rotation":{"angle":0.0,"axis":"y","origin":[10.522408,2.5714283,8.0]},"faces":{"east":{"uv":[9.125,11.625,9.875,12.25],"rotation":0,"texture":"#0","tintindex":0},"south":{"uv":[11.625,9.625,12.375,10.25],"rotation":0,"texture":"#0","tintindex":0},"north":{"uv":[8.375,11.625,9.125,12.25],"rotation":0,"texture":"#0","tintindex":0},"west":{"uv":[9.875,11.625,10.625,12.25],"rotation":0,"texture":"#0","tintindex":0},"up":{"uv":[12.25,9.0,11.5,8.25],"rotation":0,"texture":"#0","tintindex":0},"down":{"uv":[11.75,11.5,11.0,12.25],"rotation":0,"texture":"#0","tintindex":0}}}],"display":{"head":{"translation":[0.0,-6.4,0.0],"scale":[4.0,4.0,4.0]}}}